cpm_id,month,overwatch_score,upsell_success,active_clients
1,2026-01-01 12:17:14.869067,0.6221193670099081,0.93493174585652,88
1,2025-12-01 12:17:14.870190,0.5120651470866129,0.24616211090756634,93
1,2025-11-01 12:17:14.870283,0.798544783468074,0.5377268414805908,148
1,2025-10-01 12:17:14.870359,0.5552179131331777,0.25173249924215246,113
1,2025-09-01 12:17:14.870431,0.8887257682232521,0.506944917439456,121
1,2025-08-01 12:17:14.870502,0.9046670740430658,0.009522622358349553,91
1,2025-07-01 12:17:14.870570,0.8392403399957553,0.911681395480081,124
1,2025-06-01 12:17:14.870637,0.5733925769236976,0.16894594572706456,57
1,2025-05-01 12:17:14.870704,0.7870793876145781,0.5828759227582858,118
1,2025-04-01 12:17:14.870770,0.544676415835889,0.13473400256127532,90
1,2025-03-01 12:17:14.870837,0.5538473025866628,0.056326736652621445,114
1,2025-02-01 12:17:14.870904,0.6429974886923893,0.9694563369830634,56
2,2026-01-01 12:17:14.870975,0.8656345693018361,0.6999605292199707,98
2,2025-12-01 12:17:14.871041,0.6585916134553038,0.7900888955145956,84
2,2025-11-01 12:17:14.871107,0.9010354055728553,0.14981118987047892,146
2,2025-10-01 12:17:14.871198,0.7248584278703574,0.016185173131712194,80
2,2025-09-01 12:17:14.871327,0.5682470502047132,0.8725799303474541,60
2,2025-08-01 12:17:14.871393,0.9314447337532461,0.3293966488656367,142
2,2025-07-01 12:17:14.871458,0.594372848833102,0.0012355895580439258,128
2,2025-06-01 12:17:14.871523,0.9182449505552639,0.15694857928387396,107
2,2025-05-01 12:17:14.871589,0.96305870510398,0.32719750159618044,134
2,2025-04-01 12:17:14.871655,0.871356761627508,0.05510480793318262,71
2,2025-03-01 12:17:14.871720,0.8271302204537282,0.6920046587669357,138
2,2025-02-01 12:17:14.871785,0.5339161772079062,0.8587232835603288,102
3,2026-01-01 12:17:14.871853,0.9599765603973159,0.4232170081957116,99
3,2025-12-01 12:17:14.871918,0.8723471456560545,0.06150213375125746,56
3,2025-11-01 12:17:14.871983,0.5403146019952094,0.3059793878346443,61
3,2025-10-01 12:17:14.872049,0.860278399806973,0.019079526276150394,138
3,2025-09-01 12:17:14.872114,0.5679120726250315,0.30576766851034354,62
3,2025-08-01 12:17:14.872179,0.9099535281249458,0.5446047538718973,78
3,2025-07-01 12:17:14.872244,0.6527558227511074,0.33437975448706647,99
3,2025-06-01 12:17:14.872310,0.6492245841097002,0.49339299290568206,124
3,2025-05-01 12:17:14.872375,0.8629675002482304,0.3082513407206362,82
3,2025-04-01 12:17:14.872440,0.687603181819459,0.2833094813695889,58
3,2025-03-01 12:17:14.872505,0.6940746201499737,0.5577589441701752,59
3,2025-02-01 12:17:14.872570,0.5957976367091304,0.5833815028656107,78
4,2026-01-01 12:17:14.872636,0.7564522132532335,0.8283066593174131,147
4,2025-12-01 12:17:14.872701,0.822873511247753,0.27141330273761377,100
4,2025-11-01 12:17:14.872766,0.795399880209253,0.4010083000796003,111
4,2025-10-01 12:17:14.872830,0.6174096121903823,0.6781868753945155,88
4,2025-09-01 12:17:14.872895,0.5119967990909429,0.7968635179789215,86
4,2025-08-01 12:17:14.872960,0.6783463502556593,0.9020394452877589,146
4,2025-07-01 12:17:14.873024,0.776858263110803,0.9624611908653555,87
4,2025-06-01 12:17:14.873090,0.5792835748111933,0.1562431901233189,135
4,2025-05-01 12:17:14.873154,0.9283638507018293,0.15868295526483533,84
4,2025-04-01 12:17:14.873219,0.9625026911754206,0.6308123836527643,61
4,2025-03-01 12:17:14.873283,0.8175057900577175,0.11973630131036506,98
4,2025-02-01 12:17:14.873348,0.6707112884447972,0.593631065798064,94
5,2026-01-01 12:17:14.873413,0.5259095624121309,0.8374041163243173,102
5,2025-12-01 12:17:14.873477,0.7409777952643979,0.4565295856557434,97
5,2025-11-01 12:17:14.873542,0.844768432596505,0.9473628807258113,78
5,2025-10-01 12:17:14.873606,0.826306076852297,0.3321411756543642,104
5,2025-09-01 12:17:14.873670,0.7604315726569382,0.08135314402510097,72
5,2025-08-01 12:17:14.873734,0.5251039108834493,0.26733351168231334,119
5,2025-07-01 12:17:14.873798,0.5754400992856377,0.9340262669314956,68
5,2025-06-01 12:17:14.873862,0.6709354146675389,0.7357830184050905,57
5,2025-05-01 12:17:14.873927,0.5129355238521637,0.9282575586489933,131
5,2025-04-01 12:17:14.873992,0.5017493936107041,0.17343521461780043,127
5,2025-03-01 12:17:14.874059,0.8763296762250417,0.22865268946837214,103
5,2025-02-01 12:17:14.874123,0.6651453013995631,0.5351699686069533,113
6,2026-01-01 12:17:14.874188,0.9005704388234022,0.13022463746335577,58
6,2025-12-01 12:17:14.874252,0.7558364194008618,0.0689053331243058,93
6,2025-11-01 12:17:14.874316,0.942883810201903,0.6058425189267698,66
6,2025-10-01 12:17:14.874380,0.822922338222609,0.24140998193497343,95
6,2025-09-01 12:17:14.874444,0.7726496816163049,0.5339757662817586,69
6,2025-08-01 12:17:14.874509,0.722022588387791,0.6462373180920213,91
6,2025-07-01 12:17:14.874581,0.7325309064085712,0.5801511187534536,114
6,2025-06-01 12:17:14.874646,0.5647882593225452,0.7288817949075214,112
6,2025-05-01 12:17:14.874711,0.619895142550716,0.5532440913920064,95
6,2025-04-01 12:17:14.874776,0.5102537731865742,0.505506288059037,83
6,2025-03-01 12:17:14.874841,0.7857354354113708,0.45678650695182244,80
6,2025-02-01 12:17:14.874906,0.57603857532963,0.07186366052907722,125
7,2026-01-01 12:17:14.874972,0.5851119702360412,0.17993470421236357,65
7,2025-12-01 12:17:14.875037,0.914523014585515,0.5114706038485803,51
7,2025-11-01 12:17:14.875101,0.7323807142299524,0.5383494734850056,58
7,2025-10-01 12:17:14.875165,0.6788601628892135,0.49187770461698144,79
7,2025-09-01 12:17:14.875230,0.7721667781034176,0.8975728006543342,109
7,2025-08-01 12:17:14.875294,0.6050529094420574,0.9583583773095857,56
7,2025-07-01 12:17:14.875359,0.6977414229175246,0.8338813638527718,139
7,2025-06-01 12:17:14.875423,0.9670305192236945,0.79938837696898,83
7,2025-05-01 12:17:14.875488,0.6717887189099003,0.8576624231871635,85
7,2025-04-01 12:17:14.875554,0.8875630334577125,0.4989172453658086,131
7,2025-03-01 12:17:14.875619,0.5021494942095032,0.303828025078562,64
7,2025-02-01 12:17:14.875686,0.7360456487720067,0.48946780750597274,64
8,2026-01-01 12:17:14.875752,0.954949128460723,0.672501583647479,83
8,2025-12-01 12:17:14.875817,0.9369656593507301,0.3090228044709844,81
8,2025-11-01 12:17:14.875881,0.6506751759328331,0.9812860216076887,114
8,2025-10-01 12:17:14.875946,0.6393389713129377,0.8021959558529915,146
8,2025-09-01 12:17:14.876011,0.7341021760016285,0.715885382358919,94
8,2025-08-01 12:17:14.876076,0.9407016220907118,0.12620757140282213,137
8,2025-07-01 12:17:14.876141,0.5071558821967274,0.6700044323542026,130
8,2025-06-01 12:17:14.876210,0.6115725970819743,0.6140493911089175,73
8,2025-05-01 12:17:14.876320,0.9864042457626998,0.8094124924039726,60
8,2025-04-01 12:17:14.876387,0.6136957306498492,0.5064319771028397,113
8,2025-03-01 12:17:14.876452,0.9620163736487674,0.40809364543471693,107
8,2025-02-01 12:17:14.876517,0.6489975395627312,0.3803210079191809,70
9,2026-01-01 12:17:14.876599,0.5484865131083225,0.4219764888854628,64
9,2025-12-01 12:17:14.876665,0.6891592679844152,0.4896428936152356,107
9,2025-11-01 12:17:14.876732,0.5857127025704505,0.9840818703941331,110
9,2025-10-01 12:17:14.876798,0.6223310617190747,0.7183082087567145,71
9,2025-09-01 12:17:14.876864,0.8856319831015764,0.44815854134923283,121
9,2025-08-01 12:17:14.876930,0.9861016325113698,0.972282897115948,58
9,2025-07-01 12:17:14.876996,0.5784496960487698,0.5074080103468352,53
9,2025-06-01 12:17:14.877062,0.8510421875772315,0.1289120248782677,97
9,2025-05-01 12:17:14.877129,0.6147903541433244,0.03933198108404823,56
9,2025-04-01 12:17:14.877195,0.9254863139733095,0.6663627807419847,116
9,2025-03-01 12:17:14.877262,0.7322895631905397,0.9286956378141055,54
9,2025-02-01 12:17:14.877327,0.5808259765942672,0.8583622743932647,80
10,2026-01-01 12:17:14.877395,0.7497625503588997,0.22676378305709533,53
10,2025-12-01 12:17:14.877462,0.7267022967161825,0.3157968002317877,143
10,2025-11-01 12:17:14.877528,0.6099295276356961,0.8422412660876679,87
10,2025-10-01 12:17:14.877594,0.6348543896937296,0.2714185921906883,145
10,2025-09-01 12:17:14.877660,0.8838903314409228,0.9034126053020574,146
10,2025-08-01 12:17:14.877727,0.6451445942677447,0.1280963305506022,132
10,2025-07-01 12:17:14.877792,0.8992316322774574,0.10915950953949638,64
10,2025-06-01 12:17:14.877858,0.8592355814148718,0.8120696364777552,133
10,2025-05-01 12:17:14.877924,0.9446142714178166,0.41744145805267385,143
10,2025-04-01 12:17:14.877990,0.5155676498518349,0.09538728232229621,145
10,2025-03-01 12:17:14.878056,0.6905720787503555,0.9599393845799308,92
10,2025-02-01 12:17:14.878123,0.9551993669196785,0.29653267918967385,113
11,2026-01-01 12:17:14.878191,0.6578468626593676,0.5388212708463894,94
11,2025-12-01 12:17:14.878259,0.8969587644688468,0.13084177671293928,110
11,2025-11-01 12:17:14.878326,0.5767601912283247,0.6827059215656504,61
11,2025-10-01 12:17:14.878391,0.6316465445189212,0.5277672712626504,86
11,2025-09-01 12:17:14.878456,0.5583954329398151,0.28547450142328545,110
11,2025-08-01 12:17:14.878522,0.9620686328136887,0.3650971759779188,52
11,2025-07-01 12:17:14.878588,0.9126557031226876,0.9987873742867539,145
11,2025-06-01 12:17:14.878654,0.7268913285033376,0.5736131347371848,91
11,2025-05-01 12:17:14.878720,0.5854308380675919,0.7167981957987432,96
11,2025-04-01 12:17:14.878787,0.6101458635069117,0.755686839172252,139
11,2025-03-01 12:17:14.878854,0.8551752933007227,0.9878558002192845,69
11,2025-02-01 12:17:14.878920,0.7636802685251394,0.360261816846572,69
12,2026-01-01 12:17:14.878987,0.844750519054456,0.2958099915740938,135
12,2025-12-01 12:17:14.879053,0.9033128194681321,0.6765561095746225,63
12,2025-11-01 12:17:14.879119,0.5857368196206885,0.5634607626155422,123
12,2025-10-01 12:17:14.879185,0.6807348661997477,0.06457289174478154,109
12,2025-09-01 12:17:14.879251,0.6585404911234041,0.07325236244745637,102
12,2025-08-01 12:17:14.879316,0.7372113489110332,0.6876798437952261,69
12,2025-07-01 12:17:14.879382,0.6363955328818576,0.5165808145302063,101
12,2025-06-01 12:17:14.879448,0.578862881312847,0.7491826800018896,105
12,2025-05-01 12:17:14.879514,0.5499260573246311,0.9514193651961586,120
12,2025-04-01 12:17:14.879580,0.6607271417456643,0.4922591099213651,109
12,2025-03-01 12:17:14.879646,0.5671610046389339,0.10477080726952104,85
12,2025-02-01 12:17:14.879716,0.5587413647197514,0.9069635682988334,70
13,2026-01-01 12:17:14.879855,0.7939000919874774,0.7197166197525392,117
13,2025-12-01 12:17:14.880036,0.6034436339544778,0.19053910581537326,139
13,2025-11-01 12:17:14.880285,0.6846244303108399,0.8756603093913319,53
13,2025-10-01 12:17:14.880679,0.5079995803895472,0.17672629968563602,122
13,2025-09-01 12:17:14.881059,0.9865850373037122,0.4957604965380905,59
13,2025-08-01 12:17:14.881209,0.6123205562286779,0.2402207466141545,149
13,2025-07-01 12:17:14.881370,0.797807929743398,0.17964310941548467,97
13,2025-06-01 12:17:14.881455,0.7458592194703273,0.6502914077819554,145
13,2025-05-01 12:17:14.881531,0.9958435704321351,0.6388995373334089,140
13,2025-04-01 12:17:14.881602,0.5532537613347815,0.05391731816350798,108
13,2025-03-01 12:17:14.881671,0.9862772181647605,0.7952103516845467,52
13,2025-02-01 12:17:14.881790,0.6549036345142814,0.8841665418065868,109
14,2026-01-01 12:17:14.881990,0.8090771307465914,0.11322840156834657,88
14,2025-12-01 12:17:14.882133,0.7901260882013474,0.2636584317180525,138
14,2025-11-01 12:17:14.882221,0.9580526866569417,0.3112138612770833,105
14,2025-10-01 12:17:14.882298,0.5464754167822906,0.11739822337112682,118
14,2025-09-01 12:17:14.882370,0.6305505091684497,0.3551089297482364,70
14,2025-08-01 12:17:14.882441,0.5084909910098739,0.5010520241485142,80
14,2025-07-01 12:17:14.882510,0.6059492054534568,0.2009378239966667,138
14,2025-06-01 12:17:14.882580,0.7994222787507924,0.20131049014819913,50
14,2025-05-01 12:17:14.882649,0.8224179630611961,0.15621286987917204,57
14,2025-04-01 12:17:14.882718,0.8710035652122541,0.2271958123128539,71
14,2025-03-01 12:17:14.882786,0.5111107925759512,0.7447905622051707,117
14,2025-02-01 12:17:14.882854,0.6893065510212931,0.5074870656254356,132
15,2026-01-01 12:17:14.882924,0.7770222584955337,0.5274912603456549,109
15,2025-12-01 12:17:14.882991,0.8912546375055201,0.4823380959679836,134
15,2025-11-01 12:17:14.883059,0.5234183459384525,0.06679975408846495,73
15,2025-10-01 12:17:14.883126,0.5671134197977501,0.1899509453278061,73
15,2025-09-01 12:17:14.883192,0.726057478067824,0.6189560740210815,141
15,2025-08-01 12:17:14.883261,0.7633443521890173,0.0783501064008848,134
15,2025-07-01 12:17:14.883329,0.8430311912967896,0.8196702077249578,55
15,2025-06-01 12:17:14.883397,0.7789296492231932,0.7200230294469776,57
15,2025-05-01 12:17:14.883464,0.9518661077627986,0.3420863448117485,65
15,2025-04-01 12:17:14.883532,0.8357711625965971,0.1568691746006512,128
15,2025-03-01 12:17:14.883599,0.9707328031767442,0.8368833914014444,52
15,2025-02-01 12:17:14.883667,0.7441584304350441,0.2807894823479643,59
16,2026-01-01 12:17:14.883736,0.5935502499345482,0.24576858837082394,73
16,2025-12-01 12:17:14.883803,0.8115326944891628,0.39551594983360094,113
16,2025-11-01 12:17:14.883870,0.955229958594142,0.6347082027131571,70
16,2025-10-01 12:17:14.883936,0.9263922720079607,0.9860236695484988,144
16,2025-09-01 12:17:14.884003,0.6335618321014456,0.017372375179797728,84
16,2025-08-01 12:17:14.884070,0.6067185604639441,0.9859260463759318,97
16,2025-07-01 12:17:14.884137,0.5568328442069985,0.12387623251574842,75
16,2025-06-01 12:17:14.884204,0.5457324575071295,0.7767374019318756,140
16,2025-05-01 12:17:14.884271,0.5505262758554941,0.9832826320624178,85
16,2025-04-01 12:17:14.884339,0.7970228037898044,0.6027099208232787,147
16,2025-03-01 12:17:14.884407,0.9774274642004314,0.23564781430663495,85
16,2025-02-01 12:17:14.884475,0.5148911193739916,0.44581622097521845,117
17,2026-01-01 12:17:14.884546,0.8383523850352177,0.014430134742710488,64
17,2025-12-01 12:17:14.884613,0.6678377491089433,0.908822565327045,141
17,2025-11-01 12:17:14.884680,0.9674461405834145,0.04421142681813528,92
17,2025-10-01 12:17:14.884747,0.7451756318546756,0.023251876583412323,60
17,2025-09-01 12:17:14.884814,0.6401427090917171,0.6993275655325856,125
17,2025-08-01 12:17:14.884880,0.7104087077003085,0.7065883955987192,76
17,2025-07-01 12:17:14.884969,0.6597563162830463,0.1097699050538462,127
17,2025-06-01 12:17:14.885037,0.8450618490556905,0.10004416130611149,57
17,2025-05-01 12:17:14.885105,0.7930269194881064,0.13219319074264024,83
17,2025-04-01 12:17:14.885174,0.8420559204724797,0.8137496427675188,138
17,2025-03-01 12:17:14.885242,0.7088971732696199,0.7388312915375274,64
17,2025-02-01 12:17:14.885309,0.5570352061410847,0.40078542627483404,57
18,2026-01-01 12:17:14.885377,0.712546712685278,0.3982015155146965,138
18,2025-12-01 12:17:14.885444,0.6804275264492443,0.9492652878601674,102
18,2025-11-01 12:17:14.885511,0.9217462254971234,0.9560161155001798,142
18,2025-10-01 12:17:14.885578,0.9930369933720199,0.48093427173136194,87
18,2025-09-01 12:17:14.885645,0.9643924821396019,0.728630051951963,101
18,2025-08-01 12:17:14.885712,0.7603447164332848,0.07348816500553634,97
18,2025-07-01 12:17:14.885779,0.9311060160014928,0.248402752216479,64
18,2025-06-01 12:17:14.885846,0.5359701713803509,0.3299980779614986,96
18,2025-05-01 12:17:14.885989,0.7825552052865512,0.8812063215763645,99
18,2025-04-01 12:17:14.886079,0.7155805145009642,0.37146606195657494,147
18,2025-03-01 12:17:14.886155,0.8850113404299301,0.18178569486287854,76
18,2025-02-01 12:17:14.886226,0.7128414025062502,0.8394007317691631,57
19,2026-01-01 12:17:14.886298,0.6196967532901976,0.5729618882937488,69
19,2025-12-01 12:17:14.886365,0.9382687009016886,0.7943781359649071,87
19,2025-11-01 12:17:14.886434,0.815190340701017,0.8233846098401446,111
19,2025-10-01 12:17:14.886501,0.6220385352616393,0.5275387367136303,124
19,2025-09-01 12:17:14.886581,0.5663443616296369,0.6541659657625195,59
19,2025-08-01 12:17:14.886646,0.9048942616479556,0.7160805422173779,121
19,2025-07-01 12:17:14.886712,0.5346469124737802,0.36882537461370957,93
19,2025-06-01 12:17:14.886778,0.5586399479091124,0.6705220498048656,50
19,2025-05-01 12:17:14.886844,0.6421341943258667,0.4468675546954197,113
19,2025-04-01 12:17:14.886910,0.8189068729694431,0.19309014224267396,117
19,2025-03-01 12:17:14.886976,0.6496907391118776,0.38557100144551815,71
19,2025-02-01 12:17:14.887041,0.6318815699147757,0.16120978166189948,120
20,2026-01-01 12:17:14.887108,0.7902286379880705,0.12305150964537337,104
20,2025-12-01 12:17:14.887181,0.6161067921525119,0.6761984701348727,131
20,2025-11-01 12:17:14.887320,0.8080504271558075,0.5622340092974956,54
20,2025-10-01 12:17:14.887385,0.9432670503391773,0.9807687486525032,90
20,2025-09-01 12:17:14.887451,0.7886148208257472,0.5498749504568825,71
20,2025-08-01 12:17:14.887561,0.8088362807287821,0.5847702442803703,96
20,2025-07-01 12:17:14.887668,0.9099846988566198,0.058166367273065345,89
20,2025-06-01 12:17:14.887734,0.8696407304135763,0.5863493974966285,129
20,2025-05-01 12:17:14.887800,0.6848355256175315,0.0040192166031147725,136
20,2025-04-01 12:17:14.887866,0.7295659505814175,0.5364219680060134,59
20,2025-03-01 12:17:14.887932,0.7278461513372811,0.7060451552963888,133
20,2025-02-01 12:17:14.887998,0.86848656611678,0.7158908967651034,119
21,2026-01-01 12:17:14.888065,0.5955572912070031,0.8259500566652013,115
21,2025-12-01 12:17:14.888130,0.803078799427096,0.9283244756950491,130
21,2025-11-01 12:17:14.888196,0.896761147486664,0.7838277273428383,100
21,2025-10-01 12:17:14.888261,0.5054920044889345,0.6211230923589671,55
21,2025-09-01 12:17:14.888326,0.9644346906399944,0.3823956004197848,71
21,2025-08-01 12:17:14.888390,0.8103631693455059,0.9272463091261189,86
21,2025-07-01 12:17:14.888455,0.780369829343226,0.006184704374503025,60
21,2025-06-01 12:17:14.888521,0.698782949535707,0.9267066451012933,130
21,2025-05-01 12:17:14.888592,0.7212531966301292,0.24459012827478277,132
21,2025-04-01 12:17:14.888658,0.7043340354633648,0.4402317328092151,73
21,2025-03-01 12:17:14.888723,0.8141796452779263,0.5188798036889071,141
21,2025-02-01 12:17:14.888789,0.8702686061141294,0.948390637397491,60
22,2026-01-01 12:17:14.888856,0.9605649967092789,0.19154837778192857,137
22,2025-12-01 12:17:14.888921,0.5603326218622882,0.26496141195519973,99
22,2025-11-01 12:17:14.888987,0.6546608098381281,0.4969059080942696,105
22,2025-10-01 12:17:14.889052,0.53769477695618,0.3770373417433647,142
22,2025-09-01 12:17:14.889118,0.7162772882343948,0.5010068214502539,71
22,2025-08-01 12:17:14.889182,0.6115760251888633,0.9767625474433506,52
22,2025-07-01 12:17:14.889247,0.7097561016267082,0.3067392082953593,124
22,2025-06-01 12:17:14.889312,0.5307737274883435,0.312067875800515,146
22,2025-05-01 12:17:14.889377,0.7256014556607011,0.5501141674789797,89
22,2025-04-01 12:17:14.889442,0.7940459212974915,0.10459687954360042,79
22,2025-03-01 12:17:14.889507,0.7587508250557109,0.5481315411533916,120
22,2025-02-01 12:17:14.889607,0.6775354411535158,0.8037458338391626,54
23,2026-01-01 12:17:14.889674,0.9909075151908525,0.7179679726370887,101
23,2025-12-01 12:17:14.889739,0.9923453824485626,0.050537892479377344,57
23,2025-11-01 12:17:14.889803,0.9864167521703331,0.17213563218544814,95
23,2025-10-01 12:17:14.889868,0.8492910330581886,0.49109045232105686,145
23,2025-09-01 12:17:14.889933,0.9975814550848479,0.8003470518747801,94
23,2025-08-01 12:17:14.889998,0.7928532012866667,0.6936852308300254,59
23,2025-07-01 12:17:14.890063,0.9306205268365737,0.2718838300777754,108
23,2025-06-01 12:17:14.890128,0.5241876167756301,0.3957283412024605,134
23,2025-05-01 12:17:14.890194,0.9053340561140997,0.3199029929851742,114
23,2025-04-01 12:17:14.890259,0.7627195063836795,0.3241581593878897,52
23,2025-03-01 12:17:14.890328,0.7506850319814922,0.10474973821221867,92
23,2025-02-01 12:17:14.890395,0.5714199546954161,0.5563047395381775,63
24,2026-01-01 12:17:14.890461,0.5934888884145018,0.4657118237346043,79
24,2025-12-01 12:17:14.890527,0.6602219507743085,0.4971551404651394,148
24,2025-11-01 12:17:14.890592,0.7025413291013187,0.2141129190945502,120
24,2025-10-01 12:17:14.890657,0.5396391889925864,0.40837550745344964,100
24,2025-09-01 12:17:14.890721,0.7470521169190146,0.50823499012668,63
24,2025-08-01 12:17:14.890786,0.9575760377721846,0.22109597985013296,97
24,2025-07-01 12:17:14.890851,0.5845779466699467,0.19211796927034808,149
24,2025-06-01 12:17:14.890916,0.7255071581085211,0.07986444730001263,117
24,2025-05-01 12:17:14.890981,0.8732000149071624,0.625543368259756,125
24,2025-04-01 12:17:14.891046,0.5395172154961452,0.2705235352317169,108
24,2025-03-01 12:17:14.891110,0.864140888124026,0.4667546857750521,98
24,2025-02-01 12:17:14.891175,0.6307611541173568,0.69729080021223,81
25,2026-01-01 12:17:14.891242,0.8143740298700686,0.31856567647519507,132
25,2025-12-01 12:17:14.891307,0.8021741853127363,0.006064147325125835,147
25,2025-11-01 12:17:14.891372,0.9399167957581799,0.596279123527253,92
25,2025-10-01 12:17:14.891437,0.6845548026281978,0.544422184168384,59
25,2025-09-01 12:17:14.891502,0.8612768230171571,0.9287428987058196,73
25,2025-08-01 12:17:14.891566,0.5725306881923702,0.9115356515103522,123
25,2025-07-01 12:17:14.891631,0.5042102527947028,0.44457140084593605,149
25,2025-06-01 12:17:14.891695,0.7532957607110302,0.46757183614687403,127
25,2025-05-01 12:17:14.891761,0.6485833623189023,0.7953991693184841,143
25,2025-04-01 12:17:14.891826,0.6093018358962453,0.011784388005821045,148
25,2025-03-01 12:17:14.891891,0.6993024646259415,0.7712749905260453,140
25,2025-02-01 12:17:14.891957,0.8522415465649797,0.1777869394572109,92
26,2026-01-01 12:17:14.892023,0.7684145028824403,0.8503369942162001,130
26,2025-12-01 12:17:14.892088,0.8267830098166153,0.46615090515268587,103
26,2025-11-01 12:17:14.892156,0.6045255108277889,0.3600292390389387,87
26,2025-10-01 12:17:14.892252,0.6821376464743871,0.6949782286588413,101
26,2025-09-01 12:17:14.892331,0.8041243277056065,0.6346031475820939,68
26,2025-08-01 12:17:14.892396,0.9570015436785381,0.4064514134772267,129
26,2025-07-01 12:17:14.892461,0.650667253327069,0.7382873962956644,126
26,2025-06-01 12:17:14.892526,0.7408451743207485,0.038049335094407444,85
26,2025-05-01 12:17:14.892673,0.8423718489674672,0.7605496496440701,113
26,2025-04-01 12:17:14.892740,0.6213614063637282,0.6551371126376709,117
26,2025-03-01 12:17:14.892805,0.618722404160785,0.3933987483645952,93
26,2025-02-01 12:17:14.892870,0.9470749074339777,0.3824276051249321,92
27,2026-01-01 12:17:14.892937,0.7412790932915865,0.27214917834169194,102
27,2025-12-01 12:17:14.893002,0.5022406714274434,0.640960549076415,89
27,2025-11-01 12:17:14.893068,0.986217650503342,0.32228986889368094,114
27,2025-10-01 12:17:14.893133,0.9585879892366567,0.4682382188375884,68
27,2025-09-01 12:17:14.893198,0.8898824413887878,0.822222340058375,84
27,2025-08-01 12:17:14.893263,0.5821345959572299,0.7795028489485046,82
27,2025-07-01 12:17:14.893328,0.9493405060965825,0.7444734610833884,131
27,2025-06-01 12:17:14.893393,0.8469018727441618,0.6642800686749308,56
27,2025-05-01 12:17:14.893458,0.9946381159205278,0.5942405617641288,61
27,2025-04-01 12:17:14.893523,0.6543738406336804,0.7917041801953267,74
27,2025-03-01 12:17:14.893589,0.828330063401564,0.7142532824740546,96
27,2025-02-01 12:17:14.893654,0.8474254375443488,0.9996984886775007,135
28,2026-01-01 12:17:14.893721,0.5805520949621441,0.850580524479894,90
28,2025-12-01 12:17:14.893785,0.5037719523281479,0.14812573514961602,91
28,2025-11-01 12:17:14.893850,0.6772900003611002,0.20889019577582524,138
28,2025-10-01 12:17:14.893915,0.8534909651387856,0.2938104907960243,65
28,2025-09-01 12:17:14.893980,0.7931141150915004,0.37515802359032824,84
28,2025-08-01 12:17:14.894044,0.7588209912952776,0.8120234826878332,122
28,2025-07-01 12:17:14.894109,0.8246833380728733,0.07781957935743267,74
28,2025-06-01 12:17:14.894175,0.9282803354545943,0.11923009558544528,102
28,2025-05-01 12:17:14.894240,0.8374286383308729,0.28700891410684193,72
28,2025-04-01 12:17:14.894305,0.5101833298655234,0.35871560719158857,89
28,2025-03-01 12:17:14.894370,0.8409765986230526,0.23090317566569007,143
28,2025-02-01 12:17:14.894434,0.5676804352860917,0.6755803570089014,112
29,2026-01-01 12:17:14.894502,0.8636681578343604,0.4647386834304065,123
29,2025-12-01 12:17:14.894567,0.9649164264703254,0.027761849774755376,84
29,2025-11-01 12:17:14.894641,0.7071163865143761,0.8534815509238254,58
29,2025-10-01 12:17:14.894747,0.8474340002964026,0.6281652607871108,60
29,2025-09-01 12:17:14.894813,0.5440098564622364,0.8855312681948236,135
29,2025-08-01 12:17:14.894878,0.8185896795232444,0.0016482801785561163,119
29,2025-07-01 12:17:14.894968,0.657294039854268,0.4633574143439869,75
29,2025-06-01 12:17:14.895112,0.6309855927088998,0.08695039166452012,73
29,2025-05-01 12:17:14.895203,0.6276493871617459,0.22843981824166038,75
29,2025-04-01 12:17:14.895278,0.7137106190286004,0.15067148915213024,132
29,2025-03-01 12:17:14.895348,0.9198469775301577,0.0981751064044486,80
29,2025-02-01 12:17:14.895415,0.6166302931895911,0.8837087551480347,73
30,2026-01-01 12:17:14.895525,0.7786164505196117,0.3894429350443491,147
30,2025-12-01 12:17:14.895592,0.6492843881970827,0.06181675137766229,130
30,2025-11-01 12:17:14.895657,0.6409759886708988,0.8456095934327382,56
30,2025-10-01 12:17:14.895822,0.7701966603650657,0.03181022439154968,81
30,2025-09-01 12:17:14.896395,0.6652615818203105,0.0821075795009194,148
30,2025-08-01 12:17:14.896611,0.61583790696039,0.1763144133923512,103
30,2025-07-01 12:17:14.896713,0.7216731270531349,0.3003138259649851,129
30,2025-06-01 12:17:14.896789,0.8948131683080892,0.15928215331362106,68
30,2025-05-01 12:17:14.896874,0.7857044142281925,0.34998247525556336,95
30,2025-04-01 12:17:14.896961,0.990805611228833,0.9007302482258622,108
30,2025-03-01 12:17:14.897103,0.6498302853978213,0.6254028102032815,127
30,2025-02-01 12:17:14.897222,0.6559717722064755,0.40318383443855155,76
31,2026-01-01 12:17:14.897427,0.7163958413766529,0.19850151144261963,134
31,2025-12-01 12:17:14.897532,0.7910218073695532,0.04765611661718128,105
31,2025-11-01 12:17:14.897606,0.8191093231491717,0.3584099879173609,71
31,2025-10-01 12:17:14.897675,0.6770749046065107,0.2944797744569644,98
31,2025-09-01 12:17:14.897742,0.7772461057545712,0.20154142156306354,59
31,2025-08-01 12:17:14.897808,0.9023008337402951,0.8368237188024145,99
31,2025-07-01 12:17:14.897874,0.8765664061779048,0.4063346188289334,68
31,2025-06-01 12:17:14.897940,0.5091389996167912,0.7693143881702044,87
31,2025-05-01 12:17:14.898007,0.5496493685697312,0.7828632594621938,132
31,2025-04-01 12:17:14.898105,0.579738997609336,0.28071851591188257,91
31,2025-03-01 12:17:14.898171,0.9309061172475723,0.6532696373123853,86
31,2025-02-01 12:17:14.898279,0.6599458263909148,0.2912884308310091,120
32,2026-01-01 12:17:14.898347,0.8911098248255732,0.9652567347559567,141
32,2025-12-01 12:17:14.898412,0.5658569533688116,0.7593010590932239,104
32,2025-11-01 12:17:14.898477,0.7006336107396429,0.5865278966545338,75
32,2025-10-01 12:17:14.898542,0.6971081654069526,0.7975197356805842,96
32,2025-09-01 12:17:14.898607,0.8367700117455175,0.8861780441027816,148
32,2025-08-01 12:17:14.898671,0.7254687015943364,0.5437782287740234,141
32,2025-07-01 12:17:14.898736,0.5408152806155052,0.079880390065315,117
32,2025-06-01 12:17:14.898801,0.9659413353314548,0.675412506323878,142
32,2025-05-01 12:17:14.898906,0.5103873787644607,0.10485528338777683,133
32,2025-04-01 12:17:14.898971,0.9896068397066998,0.7189894121619298,126
32,2025-03-01 12:17:14.899037,0.6710941847827916,0.06054799282919954,140
32,2025-02-01 12:17:14.899102,0.7577016258560905,0.11436920998634037,144
33,2026-01-01 12:17:14.899169,0.8255678478114699,0.13888902117365787,91
33,2025-12-01 12:17:14.899234,0.5714712038002454,0.006400386965534355,119
33,2025-11-01 12:17:14.899299,0.7642119835255565,0.20214301533150092,51
33,2025-10-01 12:17:14.899364,0.9616061436348066,0.09946553332200825,85
33,2025-09-01 12:17:14.899428,0.5127175553805959,0.755808128373418,70
33,2025-08-01 12:17:14.899493,0.5234864212806347,0.8581174155601765,139
33,2025-07-01 12:17:14.899557,0.774652312265122,0.2886296991034224,65
33,2025-06-01 12:17:14.899622,0.7139588943579684,0.8686944039444271,70
33,2025-05-01 12:17:14.899687,0.6917011801128744,0.06157305317687545,51
33,2025-04-01 12:17:14.899752,0.6721144373030703,0.8893029209458306,122
33,2025-03-01 12:17:14.899817,0.9387333681061294,0.8955240482046004,74
33,2025-02-01 12:17:14.899882,0.6827789286743011,0.9059410461608285,142
34,2026-01-01 12:17:14.899948,0.5051369558743111,0.7654688599192601,135
34,2025-12-01 12:17:14.900013,0.8669227239906381,0.14404921734596754,89
34,2025-11-01 12:17:14.900078,0.95426037184271,0.3687671100426281,100
34,2025-10-01 12:17:14.900144,0.9565012719184647,0.11608838026946677,138
34,2025-09-01 12:17:14.900209,0.8644783174019084,0.8703946649118048,143
34,2025-08-01 12:17:14.900276,0.6727765625123309,0.9810545477412712,50
34,2025-07-01 12:17:14.900480,0.7938355665529693,0.7382112201536996,131
34,2025-06-01 12:17:14.900562,0.5186328167678063,0.3797267941823832,135
34,2025-05-01 12:17:14.900634,0.7529513263090893,0.23160894014511157,82
34,2025-04-01 12:17:14.900703,0.5676495891944915,0.6243068493368058,88
34,2025-03-01 12:17:14.900770,0.8330631840584322,0.0879222856988231,55
34,2025-02-01 12:17:14.900837,0.747257027550552,0.5317026547301321,117
35,2026-01-01 12:17:14.900905,0.7488204001846155,0.160517343672838,64
35,2025-12-01 12:17:14.900970,0.5489478382593236,0.4903684471656913,86
35,2025-11-01 12:17:14.901035,0.7196650944830079,0.5303267161419769,121
35,2025-10-01 12:17:14.901100,0.7334928552196788,0.6389176250808521,123
35,2025-09-01 12:17:14.901165,0.5961564980551362,0.26777132653766256,81
35,2025-08-01 12:17:14.901229,0.5769913842559025,0.9030170376501204,80
35,2025-07-01 12:17:14.901294,0.5948183585318327,0.9099685945238496,91
35,2025-06-01 12:17:14.901359,0.8787268413276861,0.40241805017438315,140
35,2025-05-01 12:17:14.901424,0.92402973120518,0.9641662897261091,141
35,2025-04-01 12:17:14.901489,0.8305427243684665,0.5369557192852523,114
35,2025-03-01 12:17:14.901554,0.6875360936613918,0.5978854572790201,75
35,2025-02-01 12:17:14.901619,0.6829674022060312,0.7027571730009734,148
36,2026-01-01 12:17:14.901687,0.7035031525035189,0.1002589609172495,107
36,2025-12-01 12:17:14.901751,0.92345939521444,0.05377051414266665,78
36,2025-11-01 12:17:14.901817,0.7878949831304111,0.12576707213842353,77
36,2025-10-01 12:17:14.901882,0.7508327271039671,0.7205139799660949,115
36,2025-09-01 12:17:14.901947,0.6946158984143793,0.8734028785282092,83
36,2025-08-01 12:17:14.902012,0.7619428951577396,0.22528355422145097,91
36,2025-07-01 12:17:14.902076,0.5426167244194989,0.4474713406615032,74
36,2025-06-01 12:17:14.902141,0.7538347783858352,0.9885334071421846,114
36,2025-05-01 12:17:14.902206,0.7203425911225008,0.4840264999250089,72
36,2025-04-01 12:17:14.902271,0.7508995128737863,0.896970843920597,59
36,2025-03-01 12:17:14.902335,0.548154257481746,0.0175771309480951,142
36,2025-02-01 12:17:14.902400,0.5066809521082102,0.2445408035718032,121
37,2026-01-01 12:17:14.902466,0.9987921679652961,0.8890731589359857,72
37,2025-12-01 12:17:14.902623,0.6448704433578798,0.7401676871108775,66
37,2025-11-01 12:17:14.902718,0.9437782761695113,0.2918142841590067,132
37,2025-10-01 12:17:14.902784,0.5920046927073055,0.32656778470164205,67
37,2025-09-01 12:17:14.902849,0.7133645116023425,0.7919614082886985,108
37,2025-08-01 12:17:14.902914,0.8881690579125698,0.8830979348478506,101
37,2025-07-01 12:17:14.902979,0.8066718524770711,0.3014313810522926,74
37,2025-06-01 12:17:14.903043,0.7480621369566124,0.6232276032002384,136
37,2025-05-01 12:17:14.903108,0.6556308858061145,0.20136061498963453,68
37,2025-04-01 12:17:14.903172,0.987940529662271,0.9344391542107677,136
37,2025-03-01 12:17:14.903238,0.6996733220816842,0.2515062914741448,91
37,2025-02-01 12:17:14.903302,0.8942764912905253,0.44023070013828947,137
38,2026-01-01 12:17:14.903369,0.5997131707386342,0.5784149680662404,69
38,2025-12-01 12:17:14.903434,0.6920129009282414,0.255340038258295,83
38,2025-11-01 12:17:14.903498,0.8732921008669459,0.7336447458910476,91
38,2025-10-01 12:17:14.903563,0.624881249752742,0.8878658150274457,50
38,2025-09-01 12:17:14.903627,0.6264160183837861,0.017131189668434743,109
38,2025-08-01 12:17:14.903691,0.9840284169057774,0.730535878136145,84
38,2025-07-01 12:17:14.903756,0.8708126541129722,0.7410092918792706,148
38,2025-06-01 12:17:14.903821,0.78478027327638,0.6714260571112143,72
38,2025-05-01 12:17:14.903886,0.5732109989019828,0.560256533639215,136
38,2025-04-01 12:17:14.904120,0.553498166717441,0.08821881456745251,78
38,2025-03-01 12:17:14.904204,0.5001746242698085,0.060244922258222644,91
38,2025-02-01 12:17:14.904277,0.9701745181061913,0.36514731504182996,93
39,2026-01-01 12:17:14.904347,0.6350499007902426,0.7857597708579852,115
39,2025-12-01 12:17:14.904417,0.5256236690065791,0.39125544333650464,100
39,2025-11-01 12:17:14.904484,0.9923543421101115,0.072999379654343,65
39,2025-10-01 12:17:14.904549,0.6163202884651204,0.2976280966718432,70
39,2025-09-01 12:17:14.904614,0.890540433017551,0.18713780182751827,125
39,2025-08-01 12:17:14.904678,0.6370016535851246,0.815459904115527,94
39,2025-07-01 12:17:14.904743,0.8445462116938205,0.2963908276555709,70
39,2025-06-01 12:17:14.904809,0.6678952507467584,0.9830080303987616,94
39,2025-05-01 12:17:14.904874,0.9171796703487082,0.2649324343327263,87
39,2025-04-01 12:17:14.904939,0.6082103233673645,0.7067485635343579,74
39,2025-03-01 12:17:14.905005,0.9349846624931253,0.468550044701159,92
39,2025-02-01 12:17:14.905070,0.9255656349707712,0.92619395542903,79
40,2026-01-01 12:17:14.905136,0.7702047572244626,0.4921904925265117,133
40,2025-12-01 12:17:14.905200,0.6293187174472766,0.6009525259690242,52
40,2025-11-01 12:17:14.905265,0.7154379478217489,0.4920288683441273,109
40,2025-10-01 12:17:14.905330,0.9580530684379611,0.7233272025327684,51
40,2025-09-01 12:17:14.905394,0.54206154608785,0.4874312412135068,141
40,2025-08-01 12:17:14.905458,0.7086344184818714,0.19784613947879082,85
40,2025-07-01 12:17:14.905523,0.9966547844701614,0.087988379930935,94
40,2025-06-01 12:17:14.905592,0.7033817514930067,0.9500626046782605,123
40,2025-05-01 12:17:14.905658,0.629789067456954,0.9105493739077966,51
40,2025-04-01 12:17:14.905722,0.7843901635504461,0.7071737727283656,147
40,2025-03-01 12:17:14.905787,0.8008462096055561,0.7386903413812296,68
40,2025-02-01 12:17:14.905851,0.8965598558196732,0.5016428554992428,149
41,2026-01-01 12:17:14.905918,0.8149893328546172,0.02393509903685409,67
41,2025-12-01 12:17:14.905983,0.6426039657961695,0.7633519491173801,51
41,2025-11-01 12:17:14.906048,0.9666934565436067,0.878066407103917,136
41,2025-10-01 12:17:14.906112,0.7273914848026706,0.8612673729024558,124
41,2025-09-01 12:17:14.906176,0.8938090002218841,0.7956456328794198,126
41,2025-08-01 12:17:14.906240,0.5915883961686008,0.5959828419969246,81
41,2025-07-01 12:17:14.906305,0.7095568192873347,0.8217999063660069,91
41,2025-06-01 12:17:14.906370,0.5705678349270807,0.08148460520100187,95
41,2025-05-01 12:17:14.906435,0.8696236161982749,0.06783410393978162,130
41,2025-04-01 12:17:14.906500,0.6606207183767847,0.39139441399999764,139
41,2025-03-01 12:17:14.906565,0.7912084798583467,0.5646720862596633,53
41,2025-02-01 12:17:14.906630,0.5870802566971187,0.16393123047514557,57
42,2026-01-01 12:17:14.906696,0.5776854987077453,0.07837611229575825,55
42,2025-12-01 12:17:14.906760,0.8817317117630482,0.9600762346345504,80
42,2025-11-01 12:17:14.906825,0.6300013273101726,0.031024959901558402,113
42,2025-10-01 12:17:14.906890,0.9562032760732462,0.649510207115021,133
42,2025-09-01 12:17:14.906955,0.939266253531308,0.9735087088692388,62
42,2025-08-01 12:17:14.907019,0.9730594575524796,0.11278579852897674,99
42,2025-07-01 12:17:14.907151,0.8030857770243387,0.0769356955026348,58
42,2025-06-01 12:17:14.907215,0.7547904198830033,0.25377355841825755,148
42,2025-05-01 12:17:14.907280,0.9653619679682344,0.9976162514317667,137
42,2025-04-01 12:17:14.907345,0.8233539961681136,0.9599497163037282,120
42,2025-03-01 12:17:14.907410,0.6047941791455478,0.6721519374804303,84
42,2025-02-01 12:17:14.907479,0.9943914447345601,0.09061956541767446,59
43,2026-01-01 12:17:14.907545,0.7808669249254987,0.2415769455040674,69
43,2025-12-01 12:17:14.907610,0.9168614123451401,0.36502064804598566,108
43,2025-11-01 12:17:14.907675,0.5189797633789694,0.27508852295343267,59
43,2025-10-01 12:17:14.907739,0.8260682518956277,0.385923433626744,57
43,2025-09-01 12:17:14.907804,0.7365966934001251,0.6821004864579213,130
43,2025-08-01 12:17:14.907868,0.8395369230040484,0.8942415783421339,146
43,2025-07-01 12:17:14.907932,0.9237036166898607,0.27552647956556264,143
43,2025-06-01 12:17:14.907997,0.6528831979675873,0.4031129984634896,87
43,2025-05-01 12:17:14.908062,0.641513455137937,0.7006684110161396,125
43,2025-04-01 12:17:14.908128,0.7477788597335422,0.2666673664009116,88
43,2025-03-01 12:17:14.908193,0.9076924082260813,0.6185650597536492,136
43,2025-02-01 12:17:14.908258,0.7742049831585831,0.8238074684845244,138
44,2026-01-01 12:17:14.908324,0.8597224274960472,0.7769959860318715,97
44,2025-12-01 12:17:14.908389,0.5972352505731372,0.3612578448064556,62
44,2025-11-01 12:17:14.908453,0.8957345860695668,0.4850900305213972,54
44,2025-10-01 12:17:14.908518,0.7204463602146909,0.29438342016524377,85
44,2025-09-01 12:17:14.908582,0.624799895263723,0.8605779282465115,79
44,2025-08-01 12:17:14.908648,0.8112657816850952,0.06575138299117722,142
44,2025-07-01 12:17:14.908713,0.7736235928015441,0.31874580788596885,110
44,2025-06-01 12:17:14.908778,0.5766874781121547,0.6806372111806428,137
44,2025-05-01 12:17:14.908843,0.8844960970851707,0.9812996997636352,133
44,2025-04-01 12:17:14.908908,0.7179286380802361,0.7596259621646918,62
44,2025-03-01 12:17:14.908972,0.728456453158092,0.8713959981504457,147
44,2025-02-01 12:17:14.909038,0.8563491349939447,0.5960482404504962,145
45,2026-01-01 12:17:14.909104,0.6437900009920678,0.009739959759632155,109
45,2025-12-01 12:17:14.909169,0.8930726133067797,0.05869070920612396,99
45,2025-11-01 12:17:14.909234,0.8989128088342979,0.4755481479769318,80
45,2025-10-01 12:17:14.909298,0.979750598915573,0.33543572508585906,106
45,2025-09-01 12:17:14.909362,0.6849633481976777,0.7604088259121947,115
45,2025-08-01 12:17:14.909426,0.6242352772281761,0.42780073173303335,124
45,2025-07-01 12:17:14.909491,0.7864566445564249,0.1099990264338655,142
45,2025-06-01 12:17:14.909555,0.7973955437516067,0.9248701259673535,101
45,2025-05-01 12:17:14.909620,0.7785118056034138,0.7408105501077235,136
45,2025-04-01 12:17:14.909685,0.5204060928270209,0.46792926320374206,145
45,2025-03-01 12:17:14.909750,0.6748929264728613,0.11004504248422053,107
45,2025-02-01 12:17:14.909814,0.5708760900150474,0.902304133876345,57
46,2026-01-01 12:17:14.909880,0.9149256713596505,0.02201510002891438,147
46,2025-12-01 12:17:14.909943,0.8437029498116209,0.45978731952814167,91
46,2025-11-01 12:17:14.910026,0.9671220704703752,0.9555201086682202,67
46,2025-10-01 12:17:14.910139,0.8731624698696206,0.4566494723349962,105
46,2025-09-01 12:17:14.910237,0.883417919082393,0.7691797961924239,147
46,2025-08-01 12:17:14.910336,0.7854715959415138,0.5731771229210958,105
46,2025-07-01 12:17:14.910453,0.9049065145798095,0.7002095851834725,80
46,2025-06-01 12:17:14.910552,0.7579774857885466,0.7961166432787928,131
46,2025-05-01 12:17:14.910673,0.6415947798527857,0.10520489971273095,80
46,2025-04-01 12:17:14.910755,0.5375650879630929,0.419981919956399,90
46,2025-03-01 12:17:14.910840,0.818394677891165,0.8470031712552756,132
46,2025-02-01 12:17:14.910914,0.5855472313650161,0.5204238751460877,71
47,2026-01-01 12:17:14.911074,0.815871665779967,0.7628683675482042,86
47,2025-12-01 12:17:14.911237,0.6835111077654813,0.6554990846489157,100
47,2025-11-01 12:17:14.911323,0.8884123117977054,0.004496995805965409,53
47,2025-10-01 12:17:14.911458,0.9134800954651847,0.6002066610796568,127
47,2025-09-01 12:17:14.911560,0.7035124233981199,0.8540332000229814,76
47,2025-08-01 12:17:14.911648,0.58209784036734,0.30711390601963884,149
47,2025-07-01 12:17:14.911717,0.9597790806543547,0.05406577146378633,111
47,2025-06-01 12:17:14.911824,0.6452338748602255,0.8784420318292094,114
47,2025-05-01 12:17:14.911954,0.7335160465184845,0.537796408663537,124
47,2025-04-01 12:17:14.912059,0.6840907901052011,0.5075459947366785,78
47,2025-03-01 12:17:14.912146,0.9909737703038082,0.290136293023336,140
47,2025-02-01 12:17:14.912216,0.6366019945597682,0.1637793465452091,56
48,2026-01-01 12:17:14.912285,0.5706040359511559,0.22538749573615235,56
48,2025-12-01 12:17:14.912352,0.7292904151905926,0.8302589691616808,143
48,2025-11-01 12:17:14.912419,0.9224961780106873,0.3536272853915109,95
48,2025-10-01 12:17:14.912485,0.666173545699192,0.7456976216450495,79
48,2025-09-01 12:17:14.912550,0.8920066936106882,0.8600003708185694,108
48,2025-08-01 12:17:14.912615,0.5083542695360881,0.023596401107371823,107
48,2025-07-01 12:17:14.912680,0.9855243831059048,0.48177725325687604,127
48,2025-06-01 12:17:14.912746,0.9441403370158177,0.857218326433391,52
48,2025-05-01 12:17:14.912812,0.5322257518346127,0.09855021826233923,136
48,2025-04-01 12:17:14.912877,0.8022682548453868,0.4329744513921441,105
48,2025-03-01 12:17:14.912943,0.5382242357817064,0.7100480296812782,145
48,2025-02-01 12:17:14.913008,0.8242690286113299,0.5071164568510987,101
49,2026-01-01 12:17:14.913075,0.6741773337361259,0.16126004633461644,106
49,2025-12-01 12:17:14.913141,0.5481427868210185,0.27370467682909616,99
49,2025-11-01 12:17:14.913206,0.5239049561070107,0.17943076365103727,135
49,2025-10-01 12:17:14.913271,0.8955470742083282,0.3146197453234022,71
49,2025-09-01 12:17:14.913336,0.7589821108370796,0.8155400638476078,62
49,2025-08-01 12:17:14.913504,0.7341168985859132,0.4908785543303884,95
49,2025-07-01 12:17:14.913611,0.6620836320644428,0.23835740164118313,141
49,2025-06-01 12:17:14.913690,0.8189760038098752,0.3240948199659698,61
49,2025-05-01 12:17:14.913767,0.5421223193925016,0.8901183924565746,135
49,2025-04-01 12:17:14.913896,0.9443956613815413,0.5863727486282054,63
49,2025-03-01 12:17:14.914032,0.7801833933405549,0.01651687940787694,120
49,2025-02-01 12:17:14.914137,0.5158961089138288,0.6455345106407571,60
50,2026-01-01 12:17:14.914214,0.66386240976141,0.6250009269276466,130
50,2025-12-01 12:17:14.914300,0.971490276709733,0.7697569281319764,148
50,2025-11-01 12:17:14.914431,0.6001394217682388,0.6389129981361567,58
50,2025-10-01 12:17:14.914542,0.9632611512795005,0.8146141044689715,83
50,2025-09-01 12:17:14.914666,0.7448894160449925,0.6839022011248508,133
50,2025-08-01 12:17:14.914840,0.9519530655342574,0.7314978259110237,54
50,2025-07-01 12:17:14.915070,0.6151795538000382,0.5849241103048056,94
50,2025-06-01 12:17:14.915231,0.7666620449243318,0.6873879833395218,117
50,2025-05-01 12:17:14.915330,0.5746093149616741,0.9638056980769854,83
50,2025-04-01 12:17:14.915403,0.991448831752707,0.009831932478967298,132
50,2025-03-01 12:17:14.915473,0.622885710927328,0.5191326640526689,71
50,2025-02-01 12:17:14.915541,0.6764231233146358,0.8356741460163638,149
51,2026-01-01 12:17:14.915611,0.7861203534595848,0.8956535112948507,60
51,2025-12-01 12:17:14.915678,0.7771138310179135,0.9261382098477409,52
51,2025-11-01 12:17:14.915744,0.9253478025921833,0.6810006436878393,62
51,2025-10-01 12:17:14.915810,0.5772631420591812,0.7498035875507735,58
51,2025-09-01 12:17:14.915876,0.6348508286284563,0.8109553658702088,122
51,2025-08-01 12:17:14.915960,0.6487678889910384,0.9957083769815713,56
51,2025-07-01 12:17:14.916027,0.7081677310555559,0.4574737177592011,119
51,2025-06-01 12:17:14.916095,0.5650096010469254,0.5644364838933131,121
51,2025-05-01 12:17:14.916223,0.896450797893283,0.1728972354995323,146
51,2025-04-01 12:17:14.916289,0.745423736059531,0.9186081586801289,58
51,2025-03-01 12:17:14.916396,0.7972891726039736,0.6270304745636425,82
51,2025-02-01 12:17:14.916539,0.5098547155092203,0.1396314791040686,94
52,2026-01-01 12:17:14.916610,0.5568655513868388,0.47389161821293724,126
52,2025-12-01 12:17:14.916676,0.6890192656259406,0.797651667532559,146
52,2025-11-01 12:17:14.916742,0.6276140357442299,0.7868284580125128,132
52,2025-10-01 12:17:14.916808,0.5625303250705946,0.39133533739212023,137
52,2025-09-01 12:17:14.916875,0.7899068112062789,0.04311135103643071,107
52,2025-08-01 12:17:14.916942,0.6719070461708352,0.47098488884940326,74
52,2025-07-01 12:17:14.917008,0.7982003317492505,0.15574062715971204,133
52,2025-06-01 12:17:14.917081,0.6360842310812632,0.11780020315339412,56
52,2025-05-01 12:17:14.917155,0.5548560123118618,0.38102504722734853,77
52,2025-04-01 12:17:14.917222,0.5890139010878952,0.8995075823890532,68
52,2025-03-01 12:17:14.917289,0.828086028274567,0.31868718004313545,83
52,2025-02-01 12:17:14.917356,0.7032259276292737,0.826183067896933,83
53,2026-01-01 12:17:14.917426,0.7921066550715193,0.4899610876872692,142
53,2025-12-01 12:17:14.917494,0.8495597031684421,0.4182345896140821,143
53,2025-11-01 12:17:14.917563,0.7482604975624021,0.20247560481594273,101
53,2025-10-01 12:17:14.917631,0.8106900941956614,0.17983686649644193,97
53,2025-09-01 12:17:14.917699,0.7911442911598394,0.19947479670293167,77
53,2025-08-01 12:17:14.917765,0.7452438737881988,0.6860466632996034,70
53,2025-07-01 12:17:14.917832,0.6615729587035486,0.47698532207761846,111
53,2025-06-01 12:17:14.917964,0.63938189266897,0.7977551728122783,84
53,2025-05-01 12:17:14.918081,0.8750283474154854,0.6465451527923561,126
53,2025-04-01 12:17:14.918162,0.9589792710676808,0.057448550786319386,116
53,2025-03-01 12:17:14.918234,0.9746941811490779,0.3991019646595553,132
53,2025-02-01 12:17:14.918304,0.5042707073766823,0.627749119567236,68
54,2026-01-01 12:17:14.918376,0.7915512866944038,0.19140778115909263,85
54,2025-12-01 12:17:14.918444,0.9179423540681912,0.830251860618378,146
54,2025-11-01 12:17:14.918512,0.8813055033144707,0.541524980507577,89
54,2025-10-01 12:17:14.918578,0.7641709328423969,0.20888416076955796,58
54,2025-09-01 12:17:14.918645,0.7764713666344463,0.18570847070956642,50
54,2025-08-01 12:17:14.918711,0.8944533855215266,0.41369640706415556,60
54,2025-07-01 12:17:14.918777,0.8299468647891132,0.5775254350177668,56
54,2025-06-01 12:17:14.918844,0.982125087552702,0.9548312411784309,59
54,2025-05-01 12:17:14.918911,0.5889173342556786,0.8901736641286823,149
54,2025-04-01 12:17:14.918977,0.746517842059591,0.9088955240186626,122
54,2025-03-01 12:17:14.919042,0.7431211944315295,0.9001353979823754,137
54,2025-02-01 12:17:14.919109,0.7358957174149756,0.4367228982142566,60
55,2026-01-01 12:17:14.919177,0.6137446337677297,0.30045116235491387,114
55,2025-12-01 12:17:14.919243,0.8496258734279676,0.7667639729029299,110
55,2025-11-01 12:17:14.919309,0.6455642380758427,0.4922542205622972,85
55,2025-10-01 12:17:14.919375,0.9611432300198061,0.8529229252211875,72
55,2025-09-01 12:17:14.919442,0.6397651778824249,0.16833863346707612,65
55,2025-08-01 12:17:14.919508,0.9954766579271055,0.3300451913100271,80
55,2025-07-01 12:17:14.919615,0.7662265221177422,0.23418359081788664,142
55,2025-06-01 12:17:14.919682,0.8164947892954021,0.6290622148591893,81
55,2025-05-01 12:17:14.919749,0.7444789460041873,0.3991281147374385,108
55,2025-04-01 12:17:14.919816,0.8056657804827615,0.1927985669889124,140
55,2025-03-01 12:17:14.919883,0.8331824140122754,0.4859828714826988,85
55,2025-02-01 12:17:14.919949,0.885012495611035,0.924048970941392,64
56,2026-01-01 12:17:14.920017,0.8218662735243891,0.9885111435191299,88
56,2025-12-01 12:17:14.920084,0.8411449858513519,0.12802899950022517,79
56,2025-11-01 12:17:14.920150,0.9063052383500778,0.9447786361599522,110
56,2025-10-01 12:17:14.920215,0.6484410671058526,0.1532759427603132,128
56,2025-09-01 12:17:14.920281,0.7188194251759279,0.24048550788769618,100
56,2025-08-01 12:17:14.920346,0.6254335384679306,0.495487829042517,131
56,2025-07-01 12:17:14.920412,0.5438464122439708,0.38449389772311127,106
56,2025-06-01 12:17:14.920479,0.9942576557853263,0.7479892234002101,129
56,2025-05-01 12:17:14.920545,0.5496016136439419,0.40094407552427136,123
56,2025-04-01 12:17:14.920612,0.7955345243107166,0.9529941239319648,104
56,2025-03-01 12:17:14.920678,0.7612644768738039,0.8621098895054814,86
56,2025-02-01 12:17:14.920744,0.7643210278202199,0.16819529321722404,57
57,2026-01-01 12:17:14.920812,0.9704943109582639,0.364581832611623,101
57,2025-12-01 12:17:14.920879,0.5855447437458625,0.0208920604897066,74
57,2025-11-01 12:17:14.920946,0.792117693159641,0.04515036969531727,73
57,2025-10-01 12:17:14.921013,0.5727683669155426,0.7648876669379764,145
57,2025-09-01 12:17:14.921081,0.7694575547136482,0.16844186501975789,105
57,2025-08-01 12:17:14.921147,0.7908914749162406,0.8125322668667128,103
57,2025-07-01 12:17:14.921218,0.8402521420588852,0.7056056499221199,62
57,2025-06-01 12:17:14.921285,0.9507111779678481,0.4262742380792658,125
57,2025-05-01 12:17:14.921351,0.6319137635324641,0.9439240413768046,80
57,2025-04-01 12:17:14.921417,0.7414777966416088,0.3822857677691701,62
57,2025-03-01 12:17:14.921484,0.9872113243696515,0.30052154143519394,60
57,2025-02-01 12:17:14.921550,0.7010384053203305,0.39014105637610064,58
58,2026-01-01 12:17:14.921618,0.8390410773304787,0.3742238206815478,62
58,2025-12-01 12:17:14.921684,0.8869303326513291,0.888514990990383,112
58,2025-11-01 12:17:14.921749,0.586950539317898,0.39776132983389834,146
58,2025-10-01 12:17:14.921815,0.8989867935906508,0.8969813426398264,109
58,2025-09-01 12:17:14.921880,0.505654632733118,0.961881598863591,116
58,2025-08-01 12:17:14.921945,0.5869555090367518,0.8913312072023613,94
58,2025-07-01 12:17:14.922011,0.741050397977477,0.33881151099208906,68
58,2025-06-01 12:17:14.922077,0.6490779434923099,0.21466890042851505,83
58,2025-05-01 12:17:14.922143,0.5576198059936348,0.17254750699875,57
58,2025-04-01 12:17:14.922209,0.5305550015462259,0.14076508211873684,85
58,2025-03-01 12:17:14.922275,0.5241379549790062,0.37565539996736197,148
58,2025-02-01 12:17:14.922342,0.7683819742950735,0.47938827726386424,109
59,2026-01-01 12:17:14.922410,0.6841483806319821,0.7313719240700713,116
59,2025-12-01 12:17:14.922475,0.8739376893772401,0.697984044866529,103
59,2025-11-01 12:17:14.922541,0.7193951744048757,0.7181495141953086,118
59,2025-10-01 12:17:14.922607,0.8587844299217353,0.6590358080431393,63
59,2025-09-01 12:17:14.922673,0.6340765851979391,0.2856886644841753,86
59,2025-08-01 12:17:14.922739,0.7841224068423258,0.004245287350416849,60
59,2025-07-01 12:17:14.922805,0.7126282216306802,0.9151463311692846,137
59,2025-06-01 12:17:14.922870,0.8825780619212544,0.838585884836309,98
59,2025-05-01 12:17:14.922936,0.7035960895933007,0.7354428069583624,68
59,2025-04-01 12:17:14.923003,0.8495917627570027,0.3458680150874529,102
59,2025-03-01 12:17:14.923070,0.9474497020045978,0.2778143611001934,82
59,2025-02-01 12:17:14.923136,0.9884897760962535,0.02359835617416617,81
60,2026-01-01 12:17:14.923204,0.6614328568338126,0.5880659042907338,121
60,2025-12-01 12:17:14.923270,0.6319588935516889,0.5837165911846183,121
60,2025-11-01 12:17:14.923336,0.6436586862732336,0.05483769510487857,106
60,2025-10-01 12:17:14.923401,0.9523577563212494,0.9594545674787861,99
60,2025-09-01 12:17:14.923466,0.8675798896112146,0.5958378230549867,67
60,2025-08-01 12:17:14.923531,0.51246239251895,0.9284813340728634,111
60,2025-07-01 12:17:14.923598,0.7025414019399412,0.09089173456591193,61
60,2025-06-01 12:17:14.923664,0.5753519759196124,0.31548760692961797,117
60,2025-05-01 12:17:14.923731,0.9734956080465944,0.5978396549725606,138
60,2025-04-01 12:17:14.923797,0.6794818384300034,0.3940158939427201,108
60,2025-03-01 12:17:14.923864,0.7209719888818096,0.8597645843689871,121
60,2025-02-01 12:17:14.923929,0.7437544306249734,0.11504612148912774,89
61,2026-01-01 12:17:14.923997,0.9678415536789431,0.6764262314723432,133
61,2025-12-01 12:17:14.924062,0.7269567550713516,0.4327708003760774,80
61,2025-11-01 12:17:14.924128,0.9186827277393831,0.9603412703485485,134
61,2025-10-01 12:17:14.924194,0.564343173658464,0.7079916245806765,70
61,2025-09-01 12:17:14.924260,0.9941941230847381,0.22759146463979796,145
61,2025-08-01 12:17:14.924326,0.7916759356962857,0.9630601304008977,122
61,2025-07-01 12:17:14.924392,0.886994795351199,0.970757243674986,50
61,2025-06-01 12:17:14.924458,0.5702058741558881,0.14741029083139867,127
61,2025-05-01 12:17:14.924525,0.5105902563404301,0.053223467794867974,78
61,2025-04-01 12:17:14.924590,0.6707969101578707,0.3516305812039985,110
61,2025-03-01 12:17:14.924656,0.7046643210487259,0.4725622896956042,103
61,2025-02-01 12:17:14.924722,0.8569036074227191,0.254060840478074,127
62,2026-01-01 12:17:14.924790,0.5120403473141883,0.4968982477951107,74
62,2025-12-01 12:17:14.924856,0.7401994198099706,0.7821445654043718,130
62,2025-11-01 12:17:14.924922,0.8200815174133758,0.03322189927457064,94
62,2025-10-01 12:17:14.924989,0.8070058930678654,0.15636353851559903,131
62,2025-09-01 12:17:14.925114,0.8415676167313416,0.7841613816514241,127
62,2025-08-01 12:17:14.925199,0.7043110408796021,0.024541168499146115,141
62,2025-07-01 12:17:14.925275,0.7576046956588274,0.22639775230946435,121
62,2025-06-01 12:17:14.925347,0.5736631135716256,0.30119024036466424,138
62,2025-05-01 12:17:14.925430,0.5132237177932255,0.47135505232894503,56
62,2025-04-01 12:17:14.925503,0.9350090412278147,0.9688609782950353,114
62,2025-03-01 12:17:14.925571,0.6219905743319895,0.4049615390636315,60
62,2025-02-01 12:17:14.925654,0.962638940606515,0.4698341018664438,91
63,2026-01-01 12:17:14.925726,0.6780595310626503,0.8833292458527667,117
63,2025-12-01 12:17:14.925978,0.7056841542758817,0.9542636462274069,61
63,2025-11-01 12:17:14.926101,0.976830285810572,0.20445027283811334,115
63,2025-10-01 12:17:14.926202,0.9645777481642924,0.6184549479546565,104
63,2025-09-01 12:17:14.926345,0.8111883704256494,0.15971517147289094,131
63,2025-08-01 12:17:14.926439,0.949009826157384,0.38010496328548604,63
63,2025-07-01 12:17:14.926554,0.5008266722278066,0.4512483984982947,78
63,2025-06-01 12:17:14.926658,0.9078966161311193,0.08947978972511816,116
63,2025-05-01 12:17:14.926734,0.7474943797435578,0.016354193608737688,71
63,2025-04-01 12:17:14.926805,0.8672351894009753,0.8422793815850147,79
63,2025-03-01 12:17:14.926875,0.5409447811372818,0.7655914343604487,138
63,2025-02-01 12:17:14.926942,0.9542018119556184,0.12229814609859857,53
64,2026-01-01 12:17:14.927011,0.5026933163937283,0.3694580383812104,53
64,2025-12-01 12:17:14.927077,0.9338371277512973,0.06300553544360277,60
64,2025-11-01 12:17:14.927143,0.8663504702001374,0.5041028513908528,70
64,2025-10-01 12:17:14.927209,0.5368200775631033,0.13008619341298266,105
64,2025-09-01 12:17:14.927274,0.6475683902960144,0.0898781568155671,122
64,2025-08-01 12:17:14.927342,0.6874160982005213,0.06541130415705754,76
64,2025-07-01 12:17:14.927409,0.6578105219073278,0.33525491767988413,148
64,2025-06-01 12:17:14.927475,0.9932650913534219,0.6924279933056093,143
64,2025-05-01 12:17:14.927540,0.8978215222568195,0.7914913042035232,90
64,2025-04-01 12:17:14.927605,0.939214597951951,0.7336710368343349,115
64,2025-03-01 12:17:14.927671,0.9780579423838046,0.8843035621611337,54
64,2025-02-01 12:17:14.927737,0.8171687861606561,0.7646376379215813,97
65,2026-01-01 12:17:14.927804,0.9236416569597148,0.13787224592541414,129
65,2025-12-01 12:17:14.927870,0.5296925810827131,0.17888669851187977,137
65,2025-11-01 12:17:14.927935,0.6587772223257542,0.04682325672243459,70
65,2025-10-01 12:17:14.928000,0.9101412445251009,0.34715910170342235,52
65,2025-09-01 12:17:14.928065,0.9811959339155301,0.218494733328233,57
65,2025-08-01 12:17:14.928129,0.730391192937978,0.985119424628166,121
65,2025-07-01 12:17:14.928194,0.6953979893339657,0.32716672339360164,84
65,2025-06-01 12:17:14.928259,0.6670696288307583,0.7800450279045692,133
65,2025-05-01 12:17:14.928325,0.8573665241458077,0.14898067757849398,104
65,2025-04-01 12:17:14.928390,0.8141805702301066,0.5480011030737824,128
65,2025-03-01 12:17:14.928456,0.5838011729292691,0.18843011047736002,123
65,2025-02-01 12:17:14.928521,0.8301358044140319,0.046349181425492936,105
66,2026-01-01 12:17:14.928589,0.9947025181961987,0.878431407404248,128
66,2025-12-01 12:17:14.928654,0.5429819889646383,0.47428402126474944,77
66,2025-11-01 12:17:14.928719,0.7522446832013541,0.5755445613575222,57
66,2025-10-01 12:17:14.928784,0.7684079424769192,0.045748820502236054,61
66,2025-09-01 12:17:14.928850,0.5002738644596344,0.9616436250119758,52
66,2025-08-01 12:17:14.928915,0.9621905500531424,0.7716756348482328,103
66,2025-07-01 12:17:14.928981,0.7399056659043284,0.5145334421832648,137
66,2025-06-01 12:17:14.929046,0.8589791347897122,0.7078188700866264,109
66,2025-05-01 12:17:14.929112,0.7625295243310373,0.653650089612067,141
66,2025-04-01 12:17:14.929178,0.586861611302997,0.6965455150110288,79
66,2025-03-01 12:17:14.929244,0.6255731533887049,0.7194862019587744,52
66,2025-02-01 12:17:14.929411,0.6496245102707494,0.4458617754406652,148
67,2026-01-01 12:17:14.929543,0.9842014463375337,0.26543138040995196,148
67,2025-12-01 12:17:14.929644,0.7704012635553765,0.6515407100781436,95
67,2025-11-01 12:17:14.929776,0.8234382926543895,0.01990704942640209,74
67,2025-10-01 12:17:14.929871,0.9751107913279617,0.07198089242229422,63
67,2025-09-01 12:17:14.929944,0.6800494482349808,0.6058726187064107,110
67,2025-08-01 12:17:14.930014,0.966145566159137,0.5244699259745075,141
67,2025-07-01 12:17:14.930082,0.8255650981597791,0.18225486725261442,95
67,2025-06-01 12:17:14.930150,0.9905116373691957,0.7325856457293498,97
67,2025-05-01 12:17:14.930217,0.8261583496250784,0.4389942382980405,72
67,2025-04-01 12:17:14.930283,0.9449859122134179,0.027920774704169093,118
67,2025-03-01 12:17:14.930349,0.8279021708369236,0.7682379445060384,132
67,2025-02-01 12:17:14.930414,0.6060977194191235,0.5947044451696697,89
68,2026-01-01 12:17:14.930483,0.5065276203743636,0.21285051091356866,121
68,2025-12-01 12:17:14.930549,0.9957014526983673,0.7943442275146521,82
68,2025-11-01 12:17:14.930615,0.515256761523184,0.9585116452261341,103
68,2025-10-01 12:17:14.930680,0.6198864972154852,0.07052742947686208,71
68,2025-09-01 12:17:14.930745,0.8734450445642419,0.4601764558740843,53
68,2025-08-01 12:17:14.930810,0.7793535890709593,0.5292428721133035,80
68,2025-07-01 12:17:14.930875,0.7174181135136185,0.11724918653140115,119
68,2025-06-01 12:17:14.930940,0.679299786886896,0.9090304161943479,114
68,2025-05-01 12:17:14.931006,0.9594442184033503,0.7003403404043718,100
68,2025-04-01 12:17:14.931081,0.7962349802725677,0.38132494754723734,138
68,2025-03-01 12:17:14.931319,0.8035345403636818,0.7317224055023938,144
68,2025-02-01 12:17:14.931415,0.5805612159150797,0.7701212379053824,145
69,2026-01-01 12:17:14.931614,0.9713526662794778,0.8408254463238111,85
69,2025-12-01 12:17:14.931703,0.8428448358834397,0.7346445283615921,120
69,2025-11-01 12:17:14.931834,0.6419743853606732,0.5091492292210609,113
69,2025-10-01 12:17:14.931974,0.5911743924719683,0.5940962450563867,66
69,2025-09-01 12:17:14.932059,0.7201502962528888,0.34109100249545754,115
69,2025-08-01 12:17:14.932125,0.5612001470699695,0.9907261650051771,149
69,2025-07-01 12:17:14.932209,0.6496893397037222,0.6471196910702215,74
69,2025-06-01 12:17:14.932310,0.6797578404793083,0.7059510633028228,119
69,2025-05-01 12:17:14.932389,0.5801970937002396,0.9516866346559861,50
69,2025-04-01 12:17:14.932454,0.5304034576223122,0.01856278012284296,122
69,2025-03-01 12:17:14.932519,0.9238464686767112,0.27930350130384873,82
69,2025-02-01 12:17:14.932584,0.9311944391556375,0.8967229618395924,108
70,2026-01-01 12:17:14.932670,0.9396393271398452,0.293738392243718,95
70,2025-12-01 12:17:14.932750,0.5719103818928082,0.9485574119536281,139
70,2025-11-01 12:17:14.932815,0.9080006976095338,0.4054105058788755,70
70,2025-10-01 12:17:14.932879,0.9868012986426946,0.16907177477645863,89
70,2025-09-01 12:17:14.932944,0.7586596220690628,0.9541001370394931,121
70,2025-08-01 12:17:14.933008,0.6034178816130789,0.15599901034295927,131
70,2025-07-01 12:17:14.933074,0.7560488746100098,0.4315705686667173,123
70,2025-06-01 12:17:14.933139,0.9862452230297531,0.24552608819079813,145
70,2025-05-01 12:17:14.933204,0.5785195044792754,0.6237379093048014,116
70,2025-04-01 12:17:14.933288,0.740682189444259,0.1031590344841149,137
70,2025-03-01 12:17:14.933388,0.8698251379511424,0.3192031523811859,101
70,2025-02-01 12:17:14.933468,0.5069726204417802,0.8238964029552119,121
71,2026-01-01 12:17:14.933534,0.9215405496850012,0.5686166087857274,116
71,2025-12-01 12:17:14.933764,0.8364090959351016,0.30122247567208327,85
71,2025-11-01 12:17:14.933868,0.7346879665004011,0.22272364593656735,117
71,2025-10-01 12:17:14.933942,0.6358524971846622,0.5556734453537172,143
71,2025-09-01 12:17:14.934012,0.9025812246804769,0.3771909257900625,109
71,2025-08-01 12:17:14.934079,0.8277596455478293,0.6804192987199535,69
71,2025-07-01 12:17:14.934146,0.8434360483586811,0.5812564488013073,95
71,2025-06-01 12:17:14.934213,0.8290737455783604,0.6619757323209342,96
71,2025-05-01 12:17:14.934280,0.6619191700349994,0.9300868989573456,58
71,2025-04-01 12:17:14.934345,0.6223493862663874,0.3584707111612595,137
71,2025-03-01 12:17:14.934410,0.5396460273244574,0.28444405775316706,57
71,2025-02-01 12:17:14.934475,0.6866099865837816,0.7267035426806668,98
72,2026-01-01 12:17:14.934541,0.7022631385061454,0.3577054342461722,63
72,2025-12-01 12:17:14.934606,0.8810777790850522,0.2531070323489317,92
72,2025-11-01 12:17:14.934670,0.7738967375012085,0.31423876216074964,143
72,2025-10-01 12:17:14.934735,0.593770570422244,0.04470155335929826,57
72,2025-09-01 12:17:14.934800,0.6427282113770951,0.9969489654514976,110
72,2025-08-01 12:17:14.934865,0.5860896887241616,0.48837077250212935,109
72,2025-07-01 12:17:14.934967,0.9033721547198991,0.7032964663203077,55
72,2025-06-01 12:17:14.935032,0.8715209357879985,0.12899630307975796,121
72,2025-05-01 12:17:14.935097,0.5400769387375999,0.4147592877058385,144
72,2025-04-01 12:17:14.935163,0.6242146569448066,0.06146856492318842,91
72,2025-03-01 12:17:14.935228,0.7258620131528436,0.16627021852896318,109
72,2025-02-01 12:17:14.935296,0.924698581287788,0.9443455547290163,133
73,2026-01-01 12:17:14.935364,0.7127489736734498,0.06970667229329475,88
73,2025-12-01 12:17:14.935429,0.5399327233146438,0.42904682451789466,69
73,2025-11-01 12:17:14.935493,0.6644693719574256,0.6391208212371732,54
73,2025-10-01 12:17:14.935557,0.794305287283884,0.44647305559239137,56
73,2025-09-01 12:17:14.935621,0.5415601130835963,0.42133753739259083,132
73,2025-08-01 12:17:14.935686,0.7240549199957722,0.8918425931383361,140
73,2025-07-01 12:17:14.935750,0.9671716201997806,0.8012186725308457,130
73,2025-06-01 12:17:14.935814,0.7267943266480767,0.7594755512499113,148
73,2025-05-01 12:17:14.935879,0.9773953583524921,0.43205893183399624,65
73,2025-04-01 12:17:14.935984,0.7822660984560932,0.1807022021289908,86
73,2025-03-01 12:17:14.936049,0.7763436690049137,0.840590541409245,51
73,2025-02-01 12:17:14.936113,0.5272387705481445,0.8146086631615539,108
74,2026-01-01 12:17:14.936179,0.5999728222949368,0.4433029769701644,103
74,2025-12-01 12:17:14.936243,0.6337854374276387,0.6820455647287343,67
74,2025-11-01 12:17:14.936308,0.7541776467982908,0.11399306005533005,80
74,2025-10-01 12:17:14.936373,0.952128750322816,0.4907371230802199,144
74,2025-09-01 12:17:14.936437,0.5234709909384258,0.06701312494965406,102
74,2025-08-01 12:17:14.936502,0.7880474818834327,0.638741893383463,94
74,2025-07-01 12:17:14.936566,0.5780333374422774,0.4421724487770421,117
74,2025-06-01 12:17:14.936631,0.9476416913113637,0.46363129945235104,133
74,2025-05-01 12:17:14.936695,0.5717966195634178,0.8719363912869691,52
74,2025-04-01 12:17:14.936760,0.859798111510107,0.00861360212711959,126
74,2025-03-01 12:17:14.936824,0.5319098011988671,0.6966269156489839,58
74,2025-02-01 12:17:14.936889,0.5009925139014638,0.9296436320810971,81
75,2026-01-01 12:17:14.936955,0.9759255259286304,0.13614211226137463,123
75,2025-12-01 12:17:14.937019,0.6762138917610763,0.9722309082518926,76
75,2025-11-01 12:17:14.937084,0.992006691210221,0.5359826768038328,114
75,2025-10-01 12:17:14.937148,0.7156988447690074,0.04592575125119425,115
75,2025-09-01 12:17:14.937212,0.8646743251191203,0.3682593538929523,68
75,2025-08-01 12:17:14.937275,0.8184900354494933,0.1226490078784791,77
75,2025-07-01 12:17:14.937339,0.8506504481641949,0.024847650960997614,65
75,2025-06-01 12:17:14.937430,0.5531547918684456,0.1361849455006091,77
75,2025-05-01 12:17:14.937553,0.8604962358111768,0.20713972591602892,78
75,2025-04-01 12:17:14.937618,0.9560818751480258,0.4229221030196315,75
75,2025-03-01 12:17:14.937683,0.5896791297419087,0.6852260220387487,142
75,2025-02-01 12:17:14.937747,0.9099071837366486,0.6516698295917925,133
76,2026-01-01 12:17:14.937814,0.5464904397959109,0.8745019261087785,53
76,2025-12-01 12:17:14.937878,0.6564396434293365,0.08633808604212823,64
76,2025-11-01 12:17:14.937943,0.9413161140348179,0.30957611312668953,50
76,2025-10-01 12:17:14.938007,0.8173576862948747,0.07957645216859532,69
76,2025-09-01 12:17:14.938071,0.6008092088415032,0.9867635562818969,61
76,2025-08-01 12:17:14.938136,0.5473467942157997,0.07757583775343868,63
76,2025-07-01 12:17:14.938200,0.5057882560248395,0.5517049118459336,79
76,2025-06-01 12:17:14.938265,0.9798643900109589,0.10474008110334065,65
76,2025-05-01 12:17:14.938329,0.6404281936422476,0.5077720907034904,148
76,2025-04-01 12:17:14.938393,0.8768131744092291,0.5163395422207646,61
76,2025-03-01 12:17:14.938458,0.5781900314575609,0.1460447221488228,57
76,2025-02-01 12:17:14.938523,0.7413215194611006,0.3996605988492228,74
77,2026-01-01 12:17:14.938589,0.8338880340606135,0.7330129351504426,83
77,2025-12-01 12:17:14.938653,0.9608123738405996,0.3909588720530497,59
77,2025-11-01 12:17:14.938718,0.7699210064861164,0.8948739119791395,78
77,2025-10-01 12:17:14.938783,0.9913945019248968,0.6972344372256761,143
77,2025-09-01 12:17:14.938847,0.9472521132893741,0.2820715598636009,82
77,2025-08-01 12:17:14.938910,0.7463448140536033,0.5319850478707706,129
77,2025-07-01 12:17:14.938975,0.7412781672858825,0.8053371078620685,87
77,2025-06-01 12:17:14.939039,0.7125835703840515,0.5753047738236376,71
77,2025-05-01 12:17:14.939104,0.9623948818044727,0.24433960389451348,114
77,2025-04-01 12:17:14.939168,0.6035121053051811,0.24212960170372355,129
77,2025-03-01 12:17:14.939234,0.7126431533425566,0.503667923757003,77
77,2025-02-01 12:17:14.939299,0.9977352315572041,0.08406209427013189,129
78,2026-01-01 12:17:14.939365,0.6676341298975208,0.05437960472214032,54
78,2025-12-01 12:17:14.939429,0.5899633321729711,0.7694410636075663,96
78,2025-11-01 12:17:14.939493,0.8955878398111837,0.9076042337014028,133
78,2025-10-01 12:17:14.939557,0.7956216582816682,0.6989815097464434,77
78,2025-09-01 12:17:14.939621,0.9749325521549381,0.242451287531823,121
78,2025-08-01 12:17:14.939685,0.9574787475023898,0.07359621443128173,98
78,2025-07-01 12:17:14.939751,0.9676105191596154,0.23252254291138774,90
78,2025-06-01 12:17:14.939816,0.9702527609222403,0.231281130907234,117
78,2025-05-01 12:17:14.939880,0.8667243894804969,0.9730259285838964,72
78,2025-04-01 12:17:14.939945,0.9905890808629052,0.7684422899484561,62
78,2025-03-01 12:17:14.940138,0.8086282615581062,0.43560607917166294,68
78,2025-02-01 12:17:14.940269,0.8278584495084632,0.009571768509714085,116
79,2026-01-01 12:17:14.940398,0.9829696862702331,0.6486966210876013,134
79,2025-12-01 12:17:14.940536,0.7207018405186782,0.566009706420287,132
79,2025-11-01 12:17:14.940621,0.6784598447948232,0.13897439053318406,74
79,2025-10-01 12:17:14.940713,0.9322443430809365,0.3117247534590004,56
79,2025-09-01 12:17:14.940787,0.9636475530788593,0.11514862192659447,95
79,2025-08-01 12:17:14.940943,0.8864247586519041,0.9601964076215046,119
79,2025-07-01 12:17:14.941122,0.8791769060112237,0.3925303285210886,111
79,2025-06-01 12:17:14.941196,0.5450092331858323,0.7469778410707318,99
79,2025-05-01 12:17:14.941333,0.8491544272689904,0.772665478650435,130
79,2025-04-01 12:17:14.941450,0.9214086734571919,0.48002937390081535,72
79,2025-03-01 12:17:14.941613,0.8112165277208332,0.4683960111778943,97
79,2025-02-01 12:17:14.941709,0.7058062288207744,0.7273957600068688,83
80,2026-01-01 12:17:14.941862,0.9664187196470437,0.8500823614479898,89
80,2025-12-01 12:17:14.941947,0.5917909721840402,0.8117306990815366,100
80,2025-11-01 12:17:14.942021,0.8809100147002487,0.3657008341024258,95
80,2025-10-01 12:17:14.942091,0.5725899375118644,0.25405966771980826,121
80,2025-09-01 12:17:14.942159,0.6740593834232219,0.3504806694193,59
80,2025-08-01 12:17:14.942225,0.9081984467266466,0.6751684916918185,65
80,2025-07-01 12:17:14.942290,0.6548992965714344,0.16845747657628696,103
80,2025-06-01 12:17:14.942356,0.6329143676701099,0.2439091261162809,72
80,2025-05-01 12:17:14.942422,0.8465081500186673,0.10300276227947569,80
80,2025-04-01 12:17:14.942487,0.6200826659361157,0.8759187552001269,89
80,2025-03-01 12:17:14.942554,0.9068020304582678,0.9700472196623331,106
80,2025-02-01 12:17:14.942620,0.7916619380474321,0.47858458087242783,131
